{"cameraMode":{"drawMode":0,"name":"Shaded","section":"Shading Mode"},"sceneLighting":true,"audioPlay":false,"sceneViewState":{"m_AlwaysRefresh":false,"showFog":true,"showSkybox":true,"showFlares":true,"showImageEffects":true,"showParticleSystems":true,"showVisualEffectGraphs":true,"m_FxEnabled":true},"in2DMode":false,"pivot":{"x":-1.9605623483657838,"y":2.0199527740478517,"z":-4.461752891540527},"rotation":{"x":0.016797451302409173,"y":0.03629614785313606,"z":-0.0006149658001959324,"w":0.9991980791091919},"size":1.1920586824417115,"orthographic":false}