{"cameraMode":{"drawMode":0,"name":"Shaded","section":"Shading Mode"},"sceneLighting":false,"audioPlay":false,"sceneViewState":{"m_AlwaysRefresh":false,"showFog":true,"showSkybox":false,"showFlares":true,"showImageEffects":true,"showParticleSystems":true,"showVisualEffectGraphs":true,"m_FxEnabled":true},"in2DMode":false,"pivot":{"x":2.493000030517578,"y":6.59499979019165,"z":0.46978330612182619},"rotation":{"x":-0.25438806414604189,"y":0.16182799637317658,"z":-0.043235234916210178,"w":-0.9524396061897278},"size":1.7320507764816285,"orthographic":false}